{
    "model_name": "quadrotor",
    "x_init": [0.0, 0.0, 0.5, 0.0, 0.0, 0.0, 0.0, 0.0, 0.0, 0.0, 0.0, 0.0],
    "x_target": [5.0, 5.0, 3.0, 0.0, 0.0, 0.0, 0.0, 0.0, 0.0, 0.0, 0.0, 0.0],
    "lbx": [-20.0, -20.0, 0.0, -5.0, -5.0, -5.0, -1.047, -1.047, -3.14159, -2.0, -2.0, -2.0],
    "ubx": [20.0, 20.0, 15.0, 5.0, 5.0, 5.0, 1.047, 1.047, 3.14159, 2.0, 2.0, 2.0],
    "lbu": [2.943, -1.0, -1.0, -0.5],
    "ubu": [19.62, 1.0, 1.0, 0.5],
    "Q_diag": [100.0, 100.0, 80.0, 15.0, 15.0, 10.0, 5.0, 5.0, 2.0, 1.0, 1.0, 1.0],
    "R_diag": [0.1, 0.5, 0.5, 0.5],
    "R_rate_diag": [0.5, 0.3, 0.3, 0.3],
    "dt": 0.05,
    "distance_threshold": 0.15,
    "max_iterations": 2000
}
